YEAR_DATE,UNIQUE_CARRIER,ORIGIN,ORIGIN_STATE_ABR,DEST,DEST_STATE_ABR,DEP_DELAY,TAXI_OUT,TAXI_IN,ARR_DELAY,AIR_TIME,DISTANCE
1999,UA,ORD,IL,PVD,RI,-5,15,4,-6,109,849
1995,DL,IAH,TX,ATL,GA,6,6,3,20,118,689
2007,B6,JFK,NY,ORD,IL,145,63,7,153,118,740
2008,UA,LAX,CA,HNL,HI,23,15,5,8,326,2556
2013,WN,TPA,FL,BDL,CT,11,9,5,-15,130,1111
2004,OO,CEC,CA,ACV,CA,0,6,3,-11,7,56
2005,EV,CHA,TN,ATL,GA,-4,5,6,-1,42,106
1995,AA,SJC,CA,DFW,TX,-1,7,11,-16,167,1439
1996,DL,HSV,AL,MLU,LA,37,12,3,48,56,337
2010,DL,MSP,MN,DEN,CO,5,8,8,-24,85,680
2003,OO,SNA,CA,LAX,CA,0,8,5,-4,12,36
2005,UA,BWI,MD,DEN,CO,5,11,9,-4,198,1491
2010,OO,OXR,CA,LAX,CA,87,9,7,79,17,49
2009,FL,LGA,NY,ATL,GA,-3,110,12,91,127,761
2000,TW,STL,MO,SNA,CA,1,26,10,13,206,1570
2012,WN,PHX,AZ,OMA,NE,27,6,2,0,120,1037
2003,NW,MSP,MN,LAX,CA,-4,12,6,-7,212,1536
2003,US,DCA,VA,CLT,NC,-7,11,6,-6,56,331
2003,AA,DFW,TX,SEA,WA,-2,12,3,1,235,1660
2014,B6,MCO,FL,PVD,RI,-8,11,5,-14,143,1072
2003,OO,LAX,CA,ONT,CA,0,5,2,0,29,47
2015,AS,SEA,WA,LAS,NV,-2,19,7,-12,109,867
2012,UA,GUM,TT,HNL,HI,12,14,5,0,394,3801
2005,AA,DFW,TX,EWR,NJ,3,14,7,-10,162,1372
1999,DL,BWI,MD,ATL,GA,25,15,6,22,87,576
2009,XE,EWR,NJ,SYR,NY,86,20,6,63,36,194
2001,DL,MCO,FL,JFK,NY,0,10,49,13,129,944
2012,DL,ATL,GA,HNL,HI,3,19,5,-25,573,4502
2015,US,LIH,HI,PHX,AZ,-14,9,3,-55,307,2979
2016,DL,MIA,FL,LAX,CA,88,21,30,88,284,2342
2007,MQ,SNA,CA,SFO,CA,4,12,4,0,60,372
2006,NW,MSP,MN,MCO,FL,3,14,6,-11,158,1310
2015,UA,IAD,VA,LAX,CA,12,15,22,16,307,2288
2007,UA,SFO,CA,JFK,NY,-3,13,3,-13,297,2586
1999,CO,EWR,NJ,HNL,HI,29,22,2,-3,589,4962
2014,WN,JAX,FL,DEN,CO,54,8,5,30,203,1447
2011,WN,DEN,CO,PHX,AZ,-2,10,3,-7,92,602
1995,AA,ORD,IL,HNL,HI,12,22,10,60,550,4244
2013,WN,FLL,FL,MDW,IL,0,15,7,3,171,1166
2009,WN,TUL,OK,HOU,TX,-5,7,5,-10,73,453
2001,UA,LAX,CA,JFK,NY,49,13,3,45,301,2475
2004,FL,PBI,FL,ATL,GA,16,31,8,47,107,545
2011,AA,LGA,NY,DFW,TX,-6,24,4,-7,221,1389
2003,AA,MIA,FL,LGA,NY,-1,13,5,-21,143,1097
2015,AS,OGG,HI,SMF,CA,-5,17,8,-2,281,2404
2006,CO,ORD,IL,IAH,TX,-6,10,5,-8,148,925
2008,DL,HNL,HI,ATL,GA,-1,16,9,2,502,4502
2016,UA,IAH,TX,LAX,CA,105,19,29,111,171,1379
1995,US,PHL,PA,RIC,VA,2,8,3,-5,43,198
2009,WN,MDW,IL,BHM,AL,11,7,3,-16,68,570
2015,AA,DFW,TX,FLL,FL,3,17,7,4,140,1119
2009,NW,LAX,CA,DTW,MI,14,18,16,28,246,1979
1996,AA,RDU,NC,ORD,IL,-3,11,8,0,106,647
1999,CO,RSW,FL,EWR,NJ,6,11,7,-7,147,1068
2003,DL,MHT,NH,ATL,GA,17,14,7,13,130,952
2012,EV,ORD,IL,MDT,PA,-6,17,3,-9,79,594
2005,AA,HNL,HI,ORD,IL,-3,10,7,-34,437,4244
2013,DL,BOS,MA,JFK,NY,-1,13,5,3,55,187
1997,CO,IAH,TX,HNL,HI,-2,21,4,-12,470,3904
2007,NW,FNT,MI,DTW,MI,-8,31,13,7,25,56
2004,OO,FAT,CA,VIS,CA,-1,8,2,-2,12,36
1997,AA,SFO,CA,HNL,HI,-1,22,2,-22,311,2399
2004,OH (1),SLC,UT,STL,MO,0,20,827,-4,-690,1156
2000,WN,TUS,AZ,LAX,CA,25,7,3,19,74,451
1996,CO,IAH,TX,DFW,TX,0,36,4,26,48,224
2012,US,PHL,PA,BOS,MA,9,21,5,-10,58,280
1998,NW,FNT,MI,DTW,MI,-2,5,4,-14,16,56
2009,XE,IAH,TX,ORD,IL,3,13,6,-3,122,925
1996,AA,MIA,FL,PHL,PA,-1,14,4,-12,133,1013
2003,AS,PDX,OR,OAK,CA,-6,9,7,-11,82,543
1997,DL,SLC,UT,CVG,KY,0,11,12,-22,160,1449
2015,AA,PHL,PA,LAX,CA,10,15,103,77,300,2402
2013,DL,ATL,GA,SFO,CA,-4,19,4,-3,305,2139
2000,AA,ORD,IL,DFW,TX,-3,27,54,30,107,802
1997,DL,BOS,MA,LGA,NY,0,12,4,11,56,185
2003,NW,MSP,MN,MDW,IL,-5,7,5,-5,72,349
2003,AS,PHX,AZ,PDX,OR,-6,14,6,-10,138,1009
2010,AS,SEA,WA,HNL,HI,0,5,7,9,366,2677
1996,WN,SJC,CA,LAX,CA,0,7,4,-12,47,308
2007,DL,FLL,FL,JFK,NY,10,13,54,23,139,1069
2013,UA,SFO,CA,EWR,NJ,-10,11,4,-51,267,2565
2009,CO,HNL,HI,IAH,TX,107,22,11,72,382,3904
1996,WN,SJC,CA,SNA,CA,0,5,3,-7,60,342
2004,OO,SNA,CA,LAX,CA,5,11,4,5,15,36
1997,NW,DTW,MI,CLE,OH,23,14,5,20,22,95
2006,UA,OAK,CA,ORD,IL,0,8,1,-12,221,1836
1996,NW,PDX,OR,MSP,MN,-1,17,7,6,177,1426
2002,HP,EWR,NJ,PHX,AZ,20,18,5,6,300,2133
1997,AA,LGA,NY,DFW,TX,7,28,7,-6,186,1389
2004,OO,LAX,CA,ONT,CA,0,15,3,6,20,47
2001,NW,MEM,TN,VPS,FL,-1,11,6,-15,47,373
1995,TW,MCO,FL,STL,MO,0,18,7,2,123,881
1998,WN,OAK,CA,SNA,CA,16,7,4,16,64,371
2002,NW,DTW,MI,STL,MO,0,11,5,-13,73,440
2012,UA,ORD,IL,MCO,FL,-1,13,4,-13,136,1005
2007,B6,OAK,CA,BOS,MA,-5,16,7,-3,317,2694
2005,WN,MDW,IL,IND,IN,0,10,6,-2,32,162
2005,UA,ORD,IL,HNL,HI,8,60,9,89,555,4244
1999,AS,LAX,CA,SEA,WA,0,12,5,4,136,954
1999,AA,SJU,PR,DFW,TX,-2,15,8,-6,262,2165
1998,NW,MSP,MN,TPA,FL,0,14,2,-11,160,1307
2003,AA,ORD,IL,JAC,WY,-4,14,4,-6,154,1162
2012,US,PHX,AZ,PHL,PA,-1,23,6,5,247,2075
2013,EV,ORD,IL,CLE,OH,160,18,4,156,49,315
1995,CO,EWR,NJ,RIC,VA,1,12,4,-17,50,278
2006,WN,ONT,CA,SMF,CA,0,7,3,-5,60,390
2003,AS,SEA,WA,ANC,AK,2,10,4,20,219,1449
2016,UA,IAH,TX,LAX,CA,2,30,14,7,174,1379
2006,UA,KOA,HI,DEN,CO,-4,20,4,-1,374,3329
2005,UA,PVD,RI,ORD,IL,12,10,8,-4,120,849
2007,NW,DTW,MI,FNT,MI,9,27,7,22,16,56
1996,DL,SEA,WA,ATL,GA,100,17,11,94,222,2182
2005,AA,STL,MO,DFW,TX,0,11,63,55,90,551
2005,WN,PHX,AZ,LAS,NV,0,10,5,-4,46,256
2013,YV,BUR,CA,PHX,AZ,-11,12,19,-2,65,369
2012,B6,MCO,FL,BUF,NY,-4,17,5,-16,121,1011
2007,OO,SNA,CA,LAX,CA,15,19,2,15,16,36
2007,NW,DTW,MI,FNT,MI,-6,25,4,2,17,56
2002,UA,BOS,MA,LAX,CA,5,15,5,-10,347,2611
2014,OO,IAH,TX,AUS,TX,105,32,63,200,50,140
2002,CO,EWR,NJ,HNL,HI,-3,19,4,-2,628,4962
2003,OO,LAX,CA,ONT,CA,0,5,3,0,26,47
2005,DL,CVG,KY,HNL,HI,-4,17,4,7,574,4433
1995,DL,CVG,KY,SLC,UT,3,15,4,19,203,1449
2005,OO,CLD,CA,LAX,CA,-3,3,13,-4,22,86
2013,AS,PHL,PA,SEA,WA,42,19,8,62,353,2378
2000,WN,AUS,TX,LAS,NV,0,11,2,1,143,1090
2010,WN,MCO,FL,BDL,CT,2,8,3,-12,140,1050
2012,FL,BWI,MD,ATL,GA,-5,10,7,-10,89,577
2016,DL,JFK,NY,LAS,NV,56,36,4,52,325,2248
1996,DL,SJC,CA,SLC,UT,1,8,3,-9,84,585
2009,UA,BOS,MA,SFO,CA,-4,14,4,-2,371,2704
2016,AA,BOS,MA,DFW,TX,199,14,73,232,204,1562
1999,CO,HNL,HI,EWR,NJ,-4,18,8,-4,524,4962
2011,OO,SLC,UT,OMA,NE,11,21,5,10,108,839
2006,B6,BOS,MA,SJC,CA,13,14,3,18,398,2689
2000,UA,ORD,IL,BOS,MA,-5,11,10,-4,111,867
1999,AA,MCO,FL,ORD,IL,5,33,6,18,147,1005
2005,DL,SFO,CA,JFK,NY,-5,34,10,4,300,2586
1997,AA,ATL,GA,DFW,TX,-4,12,14,-5,103,732
2009,FL,ROC,NY,TPA,FL,0,10,5,7,157,1079
2014,AA,DFW,TX,HSV,AL,0,18,5,-3,74,603
2015,OO,MSP,MN,ISN,ND,0,21,6,-11,81,546
2003,DL,JFK,NY,LAX,CA,20,11,12,-13,307,2475
2016,WN,HOU,TX,MCO,FL,28,8,9,14,99,849
2002,MQ,IND,IN,ORD,IL,39,13,6,37,34,177
2012,OO,ATL,GA,IAH,TX,-4,14,10,-12,111,689
2012,OO,ATW,WI,ORD,IL,-3,4,5,-19,33,160
1999,TW,STL,MO,TUL,OK,40,14,6,23,51,351
1995,DL,MIA,FL,FLL,FL,-4,10,4,-4,8,21
2007,US,PHX,AZ,CMH,OH,95,10,50,139,195,1671
2014,UA,ORD,IL,HNL,HI,13,19,4,1,505,4243
2010,CO,SFO,CA,EWR,NJ,24,14,17,30,301,2565
2004,CO,IAH,TX,HNL,HI,2,23,4,0,461,3904
2005,DL,HNL,HI,CVG,KY,-6,18,8,12,505,4433
2007,CO,ANC,AK,IAH,TX,23,20,4,15,376,3266
2014,EV,BUF,NY,EWR,NJ,-4,16,11,-15,52,282
2004,AA,SJC,CA,AUS,TX,-10,11,5,-16,177,1477
1995,WN,PHX,AZ,SJC,CA,0,8,3,-5,89,622
2003,NW,JFK,NY,DTW,MI,-2,20,5,-9,95,508
2005,MQ,DFW,TX,CRP,TX,-3,15,4,-8,52,354
2015,AS,PDX,OR,HNL,HI,-7,19,4,-27,322,2603
2006,MQ,RDU,NC,EWR,NJ,100,40,6,97,61,416
2012,MQ,AZO,MI,ORD,IL,-9,11,5,-18,30,122
2002,AS,WRG,AK,PSG,AK,-4,4,2,1,23,31
2016,WN,BWI,MD,LAS,NV,67,14,6,67,290,2106
2004,FL,BWI,MD,BOS,MA,-2,14,10,-6,62,370
2004,UA,ORD,IL,SNA,CA,28,11,5,30,243,1726
2011,AA,LAX,CA,ORD,IL,73,18,6,44,182,1745
2004,OH (1),LIT,AR,CVG,KY,23,11,3,11,67,513
1998,AA,MEM,TN,DFW,TX,-3,12,13,-7,69,432
2015,DL,SFO,CA,DTW,MI,0,26,7,-8,233,2079
2000,CO,IAH,TX,TPA,FL,-5,32,6,2,93,787
2004,AA,ORD,IL,HNL,HI,31,11,9,45,553,4244
2010,CO,HNL,HI,IAH,TX,0,23,14,0,428,3904
1997,UA,HNL,HI,ORD,IL,10,15,5,7,455,4244
2014,DL,HNL,HI,ATL,GA,-3,23,7,-10,475,4502
2011,UA,LAX,CA,KOA,HI,-2,15,3,-6,331,2504
2008,AA,ORD,IL,PHX,AZ,-6,27,5,8,202,1440
2012,AA,FLL,FL,DFW,TX,15,20,7,8,151,1119
2016,UA,ORD,IL,HNL,HI,1,23,50,15,511,4243
2015,US,TPA,FL,CLT,NC,-2,16,9,-4,73,507
1998,AA,MCI,MO,DFW,TX,-2,14,15,4,78,460
2009,US,PHX,AZ,DEN,CO,-7,17,9,-8,81,602
2003,AA,HNL,HI,ORD,IL,-5,17,7,-36,434,4244
2010,UA,TPA,FL,ORD,IL,26,28,9,37,148,1012
2009,CO,SJU,PR,IAH,TX,-13,10,4,-9,290,2007
2015,EV,FSD,SD,MSP,MN,-5,20,6,-1,37,196
2008,OO,ACV,CA,CEC,CA,113,15,4,126,25,56
2014,US,STT,VI,CLT,NC,-13,14,16,-3,211,1520
2006,UA,SLC,UT,ORD,IL,-7,31,3,3,161,1249
2014,UA,GUM,TT,HNL,HI,-7,12,3,-25,402,3801
2012,OO,PHX,AZ,ABQ,NM,10,26,6,20,48,328
2005,DL,LGA,NY,CVG,KY,-3,17,7,-14,92,585
2006,UA,ORD,IL,OGG,HI,1,19,4,-4,495,4184
2009,WN,HOU,TX,LAX,CA,25,7,6,16,193,1390
1997,CO,HNL,HI,IAH,TX,33,19,6,30,412,3904
2002,NW,DTW,MI,LAS,NV,4,10,11,-1,234,1750
2010,OO,CEC,CA,ACV,CA,-18,10,4,-12,29,56
2000,AA,LGA,NY,FLL,FL,46,41,6,34,133,1076
2003,DH,BNA,TN,ORD,IL,0,10,10,-15,70,409
2010,AA,OKC,OK,DFW,TX,-1,25,22,26,45,175
2012,WN,SAT,TX,TPA,FL,4,10,5,1,122,972
2012,OO,IAH,TX,BFL,CA,-3,13,4,-19,197,1428
2004,MQ,LIT,AR,ORD,IL,-10,11,12,-6,83,552
2012,US,LGA,NY,DCA,VA,25,36,4,32,46,214
2006,UA,BOS,MA,SFO,CA,15,23,5,7,345,2704
2006,YV,HNL,HI,LIH,HI,-5,3,3,-9,25,102
1998,NW,MCO,FL,MEM,TN,26,13,7,19,105,683
2007,EV,ABE,PA,ATL,GA,7,14,8,-4,99,692
2008,WN,ISP,NY,BWI,MD,-6,7,2,-8,59,220
2010,DL,LAX,CA,ATL,GA,7,42,12,23,216,1946
2004,OO,LAX,CA,ONT,CA,0,6,2,-12,14,47
2013,FL,ATL,GA,TPA,FL,4,12,5,-6,63,406
1999,DL,RSW,FL,CVG,KY,0,13,6,-3,128,879
2016,UA,EWR,NJ,HNL,HI,19,28,5,0,592,4962
2005,WN,PHL,PA,OAK,CA,0,9,2,-33,346,2511
1997,DL,DFW,TX,HNL,HI,7,30,12,39,470,3784
2008,AA,HNL,HI,ORD,IL,-3,13,7,-24,454,4244
2004,CO,EWR,NJ,IAH,TX,17,15,11,-4,189,1400
2011,WN,PHX,AZ,SAT,TX,46,9,2,39,107,843
2004,MQ,LGA,NY,XNA,AR,-9,17,9,-4,189,1147
2002,DL,ATL,GA,RDU,NC,14,14,20,28,56,356
2011,DL,SLC,UT,LAX,CA,2,22,5,-1,84,590
2010,DL,TPA,FL,ATL,GA,45,19,24,72,92,406
2015,UA,SJU,PR,IAH,TX,-3,10,5,-16,254,2007
2000,UA,ORD,IL,PHL,PA,-4,23,5,-5,92,678
2011,XE,GJT,CO,DEN,CO,-1,6,5,-6,38,212
2016,AA,SEA,WA,DFW,TX,6,14,8,0,201,1660
2010,OO,OXR,CA,LAX,CA,-10,4,10,-13,22,49
2006,B6,BOS,MA,SJC,CA,8,15,4,-15,368,2689
1999,HP,PHX,AZ,EWR,NJ,104,23,7,114,254,2133
2011,OO,GJT,CO,DEN,CO,8,12,4,-2,37,212
1998,TW,STL,MO,DTW,MI,0,20,6,-5,58,440
2004,OH (1),TLH,FL,ATL,GA,-2,9,720,-5,-667,223
2007,OO,ORD,IL,SBN,IN,-5,14,4,-17,19,84
2010,UA,HNL,HI,DEN,CO,0,17,5,-23,372,3365
2013,UA,IAH,TX,HNL,HI,8,14,6,3,468,3904
2008,XE,DAL,TX,IAH,TX,0,19,4,-1,40,217
2001,CO,IAH,TX,AUS,TX,-2,12,6,-7,28,140
2013,UA,HNL,HI,IAD,VA,3,15,6,-13,533,4817
1998,NW,HOU,TX,DTW,MI,16,8,7,2,140,1093
2002,HP,SEA,WA,LAS,NV,3,8,5,-8,115,866
2008,DL,CLE,OH,ATL,GA,-2,13,51,29,81,554
2001,TW,STL,MO,BNA,TN,-1,28,6,5,44,271
2015,UA,LIH,HI,SFO,CA,-2,11,4,-18,285,2447
2008,AS,MIA,FL,SEA,WA,-8,17,6,-13,377,2724
2009,AA,STT,VI,JFK,NY,-3,13,7,-7,221,1623
2014,UA,CLE,OH,SFO,CA,40,11,8,39,292,2161
2012,AA,LAX,CA,HNL,HI,-7,11,3,-14,324,2556
2006,AS,SEA,WA,SNA,CA,-12,16,21,-6,126,978
2000,UA,LGA,NY,ORD,IL,-4,11,10,-25,100,733
2013,AA,LAX,CA,JFK,NY,8,16,5,-20,271,2475
2000,UA,ORD,IL,SMF,CA,-1,27,4,5,239,1781
2001,NW,RNO,NV,MSP,MN,-10,11,21,-16,155,1406
2003,OO,LAX,CA,SNA,CA,3,8,4,2,17,36
1997,UA,PDX,OR,SFO,CA,0,9,4,12,98,550
2008,OO,SFO,CA,SLC,UT,2,18,9,18,91,599
2013,AA,DFW,TX,HNL,HI,7,13,4,-5,456,3784
1998,WN,BWI,MD,PVD,RI,0,5,2,-5,53,328
1997,DL,MIA,FL,CVG,KY,-1,25,6,9,137,948
2007,CO,EWR,NJ,AUS,TX,8,22,5,2,210,1504
1995,AA,ORD,IL,GRR,MI,0,31,2,14,27,137
1999,US,CLT,NC,SFO,CA,3,13,4,13,335,2296
2010,AA,DFW,TX,BOS,MA,2,19,6,-1,182,1562
2004,US,FLL,FL,PHL,PA,-2,8,4,-8,141,992
1997,DL,CAE,SC,ATL,GA,13,14,5,12,45,191
2006,AA,DFW,TX,HNL,HI,-1,14,11,-12,452,3784
2003,OO,VIS,CA,FAT,CA,0,3,2,-15,1,36
2003,AA,STL,MO,LAS,NV,1,19,6,17,203,1372
1998,DL,HNL,HI,ATL,GA,-6,18,9,0,485,4502
1999,DL,ATL,GA,CAE,SC,44,14,5,45,34,191
2014,US,PHX,AZ,LIH,HI,41,15,7,31,385,2979
2006,DL,HNL,HI,ATL,GA,21,16,12,3,489,4502
2005,XE,EWR,NJ,STL,MO,20,20,10,32,147,872
2001,WN,SDF,KY,PHX,AZ,0,9,2,0,209,1506
1996,TW,SDF,KY,STL,MO,0,9,9,-3,52,254
2002,AA,ONT,CA,DFW,TX,-3,10,146,121,152,1188
1998,TW,STL,MO,LAS,NV,18,9,24,29,195,1372
2013,WN,SNA,CA,SJC,CA,45,8,3,35,59,342
2002,CO,LAS,NV,CLE,OH,-4,26,7,-3,211,1825
2006,AA,MIA,FL,ORD,IL,20,16,11,30,176,1197
2008,NW,DTW,MI,MKE,WI,-1,16,6,-4,43,238
2016,WN,PVD,RI,MCO,FL,11,7,6,-3,163,1072
1999,DL,LGA,NY,CVG,KY,11,15,6,6,90,585
2014,UA,JFK,NY,SFO,CA,8,16,5,8,372,2586
1998,DL,DFW,TX,HNL,HI,1,15,7,-2,455,3784
1996,AA,DFW,TX,FAT,CA,-4,18,3,0,189,1313
2002,US,LGA,NY,PHL,PA,-4,17,4,10,55,96
2008,DL,JFK,NY,PHX,AZ,-2,70,5,-4,297,2153
2015,WN,SAT,TX,PHX,AZ,-5,8,51,26,122,843
2008,AA,DFW,TX,ONT,CA,13,11,9,8,150,1188
2009,AA,OGG,HI,DFW,TX,10,7,5,-9,389,3711
2002,DL,ATL,GA,MEM,TN,0,13,8,-3,49,332
2016,UA,SNA,CA,ORD,IL,15,10,12,-2,208,1726
1998,CO,HNL,HI,IAH,TX,1,25,7,34,421,3904
2003,AA,ONT,CA,DFW,TX,0,7,10,10,162,1188
2016,AA,MIA,FL,SFO,CA,30,18,6,53,383,2585
2015,UA,AUS,TX,EWR,NJ,-5,11,10,-38,172,1504
2007,FL,ATL,GA,SAV,GA,-4,14,5,-16,37,215
2016,B6,JFK,NY,SAN,CA,-1,27,8,-24,320,2446
2005,CO,IAH,TX,HNL,HI,-1,15,4,-6,461,3904
1999,UA,ORD,IL,LAX,CA,41,18,5,40,217,1745
1999,UA,ORD,IL,LAX,CA,41,18,5,40,217,1745
1999,UA,ORD,IL,LAX,CA,41,18,5,40,217,1745
1999,UA,ORD,IL,LAX,CA,41,18,5,40,217,1745
2003,CO,BOS,MA,CLE,OH,-3,23,4,10,117,563
2001,AA,DFW,TX,BWI,MD,-3,9,4,-25,130,1217
2009,OO,SLC,UT,HLN,MT,-5,17,2,-4,65,402
2005,AS,SEA,WA,SNA,CA,11,15,6,12,144,978
2009,OO,LAX,CA,OXR,CA,-2,12,3,-10,14,49
2015,WN,DEN,CO,ATL,GA,85,10,7,73,146,1199
2010,DL,GRR,MI,DTW,MI,0,30,12,-2,27,120
2010,AA,LGA,NY,STL,MO,-8,24,6,-8,135,887
1999,US,IND,IN,CLT,NC,-1,6,6,-5,67,428
1998,DL,CVG,KY,PHX,AZ,109,9,5,83,200,1569
2002,DL,DFW,TX,ATL,GA,79,76,17,136,91,732
2003,CO,SFO,CA,EWR,NJ,-8,13,9,-14,287,2565
2002,WN,PHX,AZ,PDX,OR,0,10,2,-16,137,1009
2016,OO,SLC,UT,AUS,TX,-4,40,6,8,138,1086
2009,9E,FWA,IN,DTW,MI,-9,7,11,-23,32,128
1999,NW,MSP,MN,DTW,MI,296,25,447,730,72,528
2010,9E,DTW,MI,PWM,ME,-1,16,3,3,90,668
2009,US,DTW,MI,LAS,NV,-2,20,9,-14,224,1750
2005,AA,ORD,IL,HNL,HI,-5,16,3,-35,491,4244
2012,WN,MDW,IL,OKC,OK,13,9,8,4,94,691
1999,HP,LAX,CA,CMH,OH,147,11,5,136,222,1996
2011,XE,RIC,VA,EWR,NJ,-9,9,62,35,45,278
2006,YV,SAT,TX,IAD,VA,-11,10,55,33,174,1362
2002,WN,TPA,FL,MSY,LA,32,6,1,12,73,487
2007,AA,DFW,TX,MCO,FL,163,12,7,157,125,984
2008,MQ,EVV,IN,ORD,IL,166,9,63,213,60,273
2011,AS,SEA,WA,LAX,CA,-2,14,4,-16,120,954
2003,CO,IAH,TX,HNL,HI,-2,20,11,-13,468,3904
2015,VX,SFO,CA,BOS,MA,2,17,8,5,313,2704
2004,OH (1),CVG,KY,SRQ,FL,0,9,996,-19,551,812
1999,US,CLT,NC,LGA,NY,0,9,5,-16,73,544
2000,US,BWI,MD,MIA,FL,-1,11,5,-7,139,946
2007,WN,SLC,UT,MDW,IL,1,10,3,27,188,1258
2002,MQ,CID,IA,DFW,TX,9,6,12,-12,89,685
2003,CO,BOS,MA,EWR,NJ,-2,13,5,-3,50,200
2007,AA,KOA,HI,LAX,CA,-11,9,8,-6,293,2504
2007,WN,PDX,OR,MDW,IL,50,24,6,66,216,1751
2015,AA,SEA,WA,ORD,IL,-5,12,13,-29,198,1721
2000,NW,FNT,MI,DTW,MI,1,8,12,-1,24,56
1997,US,MCI,MO,LAX,CA,7,8,8,-9,181,1363
2004,NW,FNT,MI,DTW,MI,-3,7,6,-15,19,56
2013,AA,DCA,VA,DFW,TX,155,26,11,163,161,1192
2011,B6,JFK,NY,SFO,CA,59,24,12,68,380,2586
2007,DL,ATL,GA,CLT,NC,1,19,4,0,43,227
2005,UA,KOA,HI,ORD,IL,-7,11,6,6,466,4213
2005,AA,SAN,CA,JFK,NY,1,11,4,-16,284,2446
2015,UA,HNL,HI,IAD,VA,164,17,6,145,518,4817
2006,UA,DEN,CO,LAX,CA,47,9,4,50,130,862
2013,MQ,ORD,IL,SLC,UT,-3,14,6,-15,168,1250
2003,CO,IAH,TX,HNL,HI,-1,23,10,15,493,3904
2016,AA,MCI,MO,ORD,IL,34,20,141,165,66,403
2011,UA,IAD,VA,LAX,CA,-5,9,16,-12,294,2288
2004,UA,BOS,MA,LAX,CA,-8,14,7,10,369,2611
2012,EV,PIT,PA,DTW,MI,-3,10,8,-15,44,201
2014,HA,LIH,HI,HNL,HI,-7,7,5,-5,22,102
2008,AA,DFW,TX,JFK,NY,97,116,57,225,175,1391
2004,NW,MSP,MN,HNL,HI,-2,17,4,1,472,3972
2009,AA,LAX,CA,EWR,NJ,-5,19,8,-11,287,2454
2000,HP,BOS,MA,CMH,OH,0,27,6,6,94,640
2003,AA,ORD,IL,HNL,HI,-5,16,3,-8,513,4244
1996,AA,ATL,GA,DFW,TX,14,23,6,22,103,732
2016,DL,ATL,GA,HNL,HI,1,24,4,0,584,4502
2007,DL,LAX,CA,MCO,FL,-4,18,5,-22,261,2217
2008,YV,CLT,NC,EWR,NJ,20,19,8,14,79,529
1995,US,ITH,NY,ELM,NY,0,7,3,2,11,32
2011,EV,MEM,TN,STL,MO,-3,13,13,1,47,256
1995,NW,SDF,KY,DTW,MI,-3,6,6,-13,53,306
2014,DL,BHM,AL,ATL,GA,-2,13,54,33,29,134
2007,UA,SFO,CA,DEN,CO,88,11,4,75,123,967
1999,HP,ORD,IL,PHX,AZ,3,14,11,-19,178,1440
2012,DL,DTW,MI,MCO,FL,-4,22,7,-15,118,957
2007,AA,DFW,TX,PHL,PA,-6,21,3,-27,145,1302
2008,AA,ORD,IL,ELP,TX,-2,15,64,49,177,1236
2004,MQ,RDU,NC,LGA,NY,9,18,59,65,64,431
2014,UA,ORD,IL,DEN,CO,72,41,6,96,132,888
1996,NW,MEM,TN,LAX,CA,4,14,11,15,240,1619
2006,UA,ORD,IL,SFO,CA,43,9,3,48,257,1846
2008,OH (1),BWI,MD,BOS,MA,0,18,7,5,65,370
2006,WN,RNO,NV,PDX,OR,5,10,3,0,72,444
2012,UA,CLE,OH,SFO,CA,-5,15,15,-18,299,2161
2006,OO,PSP,CA,SLC,UT,23,21,5,37,81,541
2010,WN,BWI,MD,LAS,NV,20,13,4,32,295,2106
2009,9E,DTW,MI,FNT,MI,-2,17,5,-9,17,56
1998,NW,HNL,HI,MSP,MN,-6,16,5,-4,435,3972
2001,DL,CVG,KY,TUS,AZ,-4,10,5,-12,208,1548
2009,MQ,BNA,TN,ORD,IL,-4,23,69,57,79,409
2003,CO,IAH,TX,OGG,HI,-3,12,7,-21,443,3826
2008,NW,HNL,HI,MSP,MN,-8,21,6,-10,444,3972
2004,XE,EFD,TX,IAH,TX,-10,6,5,-16,11,28
1998,NW,DTW,MI,TPA,FL,2,23,4,-7,119,983
2010,DL,GRR,MI,MSP,MN,-9,5,3,-34,60,408
2008,YV,DEN,CO,CPR,WY,-5,11,2,-10,60,230
2008,AA,SAN,CA,ORD,IL,72,13,8,54,211,1723
2006,OO,ONT,CA,LAX,CA,-6,19,9,4,13,47
2000,AA,DFW,TX,MIA,FL,94,40,6,97,121,1121
2005,AA,DFW,TX,DTW,MI,0,16,5,-14,118,987
1998,CO,HNL,HI,IAH,TX,-3,18,7,-27,396,3904
2008,CO,HNL,HI,EWR,NJ,-3,15,12,-10,541,4962
2010,EV,BHM,AL,ATL,GA,-2,11,16,-2,37,134
2006,EV,FAY,NC,ATL,GA,18,16,10,17,55,331
2014,AA,LGA,NY,ORD,IL,-7,17,17,-8,110,733
2005,AA,ONT,CA,DFW,TX,4,19,59,51,156,1188
2007,UA,LAS,NV,ORD,IL,59,19,49,100,189,1515
2010,EV,ATL,GA,TYS,TN,-6,16,4,-7,31,152
2015,WN,MCO,FL,PHL,PA,-1,7,9,-2,123,861
2016,WN,MDW,IL,BDL,CT,51,13,5,35,81,777
1999,UA,SFO,CA,PDX,OR,50,13,5,46,70,550
2009,AS,ANC,AK,HNL,HI,8,24,4,35,369,2777
2006,DL,ATL,GA,SNA,CA,-4,13,6,-16,238,1919
2002,AA,DFW,TX,BOS,MA,-5,12,4,-29,173,1562
2008,AA,IAD,VA,LAX,CA,-6,18,12,10,326,2288
2000,UA,ORD,IL,LAS,NV,0,16,8,-5,198,1515
1999,CO,IAH,TX,SAT,TX,-5,16,2,-2,40,191
2013,EV,ORD,IL,RDU,NC,-5,21,6,0,98,646
1997,CO,CLE,OH,MCO,FL,-2,11,4,2,127,895
2010,DL,MSP,MN,DCA,VA,-5,25,54,41,114,931
2007,NW,MEM,TN,MCI,MO,3,15,6,-2,61,392
2007,XE,MEM,TN,IAH,TX,-9,15,7,-23,67,469
2005,NW,MOT,ND,MSP,MN,-6,9,7,-12,62,449
2015,WN,SMF,CA,DEN,CO,-4,12,6,-14,107,909
2008,UA,IAD,VA,LAX,CA,-3,10,7,-16,317,2288
2014,DL,MSP,MN,LAS,NV,-6,14,6,-2,181,1299
2006,OO,SFO,CA,FAT,CA,5,15,3,4,38,158
2013,AA,TPA,FL,ORD,IL,11,13,7,18,157,1012
1996,US,LAX,CA,CLT,NC,1,23,5,5,244,2125
2009,YV,CLT,NC,FAY,NC,-3,33,4,-3,25,118
2013,UA,CLE,OH,FLL,FL,2,8,4,0,169,1062
2003,OO,LAX,CA,ONT,CA,0,12,3,-5,12,47
2010,CO,LAS,NV,EWR,NJ,-6,17,12,-24,252,2227
2014,VX,JFK,NY,LAX,CA,-3,33,9,9,355,2475
2004,DL,ATL,GA,SLC,UT,0,16,13,4,214,1589
2001,CO,CLE,OH,BOS,MA,-1,19,5,-17,69,563
2005,AA,LAX,CA,ORD,IL,32,28,49,49,189,1745
2006,OO,LAX,CA,OXR,CA,43,12,4,43,14,49
2012,UA,CLE,OH,BOS,MA,0,10,13,-2,80,563
2001,US,MSY,LA,PHL,PA,14,7,7,2,138,1088
2004,OO,OXR,CA,LAX,CA,0,11,7,-5,13,49
1998,WN,SAN,CA,PHX,AZ,0,9,3,-7,46,304
2004,AA,RNO,NV,DFW,TX,-2,15,67,76,183,1345
1998,US,CLT,NC,PBI,FL,19,8,5,8,83,590
2011,DL,ATL,GA,TUS,AZ,-4,26,6,-4,224,1541
1999,NW,HOU,TX,DTW,MI,8,17,58,50,133,1093
2013,MQ,ORD,IL,BNA,TN,4,12,6,-1,62,409
2004,AA,DFW,TX,IAH,TX,-2,16,22,16,45,224
2000,NW,MSP,MN,CID,IA,-6,11,2,-16,35,221
2003,CO,EWR,NJ,BOS,MA,25,15,7,13,36,200
1997,NW,DTW,MI,PHL,PA,77,8,2,60,65,453
2014,MQ,DEN,CO,LAX,CA,-2,17,12,-14,109,862
2002,CO,IAH,TX,HNL,HI,-4,25,5,-11,473,3904
2015,DL,LGA,NY,MSP,MN,-3,34,5,-14,144,1020
2003,CO,HNL,HI,IAH,TX,-12,24,22,-15,396,3904
2009,CO,HNL,HI,EWR,NJ,-5,19,11,8,563,4962
2003,AA,BOS,MA,SEA,WA,28,15,6,5,327,2496
2004,DL,ATL,GA,ORF,VA,7,17,3,8,67,516
2014,UA,DEN,CO,KOA,HI,75,13,4,61,429,3329
2015,WN,DEN,CO,IAD,VA,-1,9,13,-10,159,1452
1995,NW,MSP,MN,DSM,IA,-3,12,4,0,44,232
2004,NW,MSP,MN,ANC,AK,1,25,5,7,320,2518
2013,AA,STL,MO,LAX,CA,2,8,4,-20,206,1592
2004,UA,DEN,CO,MCO,FL,-2,20,5,-11,178,1546
1999,UA,SFO,CA,SEA,WA,-3,10,2,-11,95,679
1995,WN,LIT,AR,HOU,TX,0,8,3,-5,59,393
2004,NW,FSD,SD,MSP,MN,-6,12,3,-13,33,197
2014,WN,SAN,CA,OAK,CA,-3,8,7,-12,61,446
2006,FL,MSP,MN,MDW,IL,-8,11,4,-21,63,349
2001,AA,DCA,VA,MIA,FL,-4,19,25,23,144,920
2002,WN,HOU,TX,DAL,TX,18,8,3,14,40,239
2010,9E,FNT,MI,DTW,MI,-3,11,21,0,15,56
2014,OO,IAH,TX,BFL,CA,14,11,3,-7,191,1428
2013,FL,FLL,FL,ATL,GA,212,12,9,201,80,581
1995,AA,ORD,IL,MIA,FL,-3,27,3,-6,142,1197
2003,AA,MCO,FL,DFW,TX,6,34,242,269,148,984
2013,EV,ATL,GA,SGF,MO,171,23,3,164,86,563
2012,DL,ATL,GA,HNL,HI,-5,20,4,-16,565,4502
2014,EV,ORD,IL,GRB,WI,-2,10,4,-13,32,173
2002,NW,MSP,MN,DEN,CO,-1,17,8,0,99,680
1997,US,MCO,FL,LGA,NY,-5,12,4,-11,136,950
2013,OO,ACV,CA,CEC,CA,-5,15,4,-2,18,56
2004,CO,MCO,FL,EWR,NJ,-3,11,58,18,122,938
2007,US,MCI,MO,PHX,AZ,82,8,4,59,130,1044
2012,MQ,FAT,CA,LAX,CA,-8,10,5,-24,39,209
2014,UA,HNL,HI,IAD,VA,-1,16,5,-6,537,4817
1998,DL,SDF,KY,ATL,GA,0,14,8,13,61,321
2003,OO,SLC,UT,TWF,ID,5,12,739,0,-687,175
2003,OO,VIS,CA,LAX,CA,0,8,7,0,89,173
2004,NW,HNL,HI,MSP,MN,-5,19,9,5,434,3972
2004,AA,STL,MO,ORD,IL,9,25,8,18,42,258
2010,UA,DEN,CO,SJC,CA,-4,11,3,-13,139,949
2012,EV,CHS,SC,EWR,NJ,-3,19,12,-4,90,628
2009,AS,EWR,NJ,SEA,WA,2,29,6,-3,330,2401
2015,DL,BOS,MA,LGA,NY,-3,19,20,5,48,184
2009,EV,CAK,OH,ATL,GA,93,15,11,98,88,528
1998,NW,MSP,MN,PHX,AZ,6,12,3,11,186,1276
2001,DL,MSY,LA,PNS,FL,1,14,5,6,34,186
2006,XE,CVG,KY,IAH,TX,389,15,187,574,140,871
2004,XE,MOB,AL,IAH,TX,23,6,7,21,75,427
2006,DL,ATL,GA,DCA,VA,12,8,5,5,78,547
2004,OH (1),MHT,NH,CVG,KY,15,8,942,2,622,741
2014,EV,LIT,AR,IAH,TX,-11,11,6,-22,61,374
1996,DL,ABE,PA,CVG,KY,-9,8,8,-4,88,503
2010,EV,DTW,MI,PIT,PA,1,22,4,-5,33,201
2002,CO,EWR,NJ,HNL,HI,-5,18,4,-34,599,4962
2012,US,PHX,AZ,LIH,HI,-3,21,7,14,391,2979
2013,OO,LAX,CA,SFO,CA,-4,17,73,58,56,337
2010,US,RDU,NC,PHL,PA,-2,16,32,14,55,336
2009,OO,SBA,CA,SFO,CA,-3,12,5,11,78,262
1995,US,CVG,KY,PIT,PA,3,5,4,-1,50,256
2012,AS,LAS,NV,SEA,WA,10,9,8,15,147,867
2008,UA,ORD,IL,PIT,PA,62,31,3,67,57,412
2012,AA,LGA,NY,ORD,IL,18,42,11,28,112,733
1995,TW,STL,MO,SAT,TX,22,34,4,56,133,786
2000,WN,SAT,TX,LAS,NV,7,4,3,3,154,1069
2012,DL,ATL,GA,BHM,AL,-7,24,4,-10,29,134
2008,XE,EWR,NJ,RDU,NC,53,39,4,52,68,416
2011,XE,BIS,ND,ORD,IL,19,14,15,19,99,716
2013,UA,DEN,CO,BOS,MA,2,15,6,1,208,1754
2001,WN,SJC,CA,LAX,CA,23,7,7,15,48,308
2011,UA,TPA,FL,IAD,VA,-5,34,8,13,106,811
1996,US,SYR,NY,PHL,PA,4,6,6,3,49,228
2010,AA,SFO,CA,DFW,TX,-5,13,5,-16,181,1464
2001,DL,TPA,FL,CMH,OH,3,19,5,9,117,829
2006,WN,PHX,AZ,SNA,CA,2,7,4,-11,51,338
2003,HP,SAN,CA,PHX,AZ,73,13,188,253,54,304
2011,F9,DEN,CO,SFO,CA,-2,9,4,-8,141,967
2014,AA,MCO,FL,DFW,TX,5,28,12,80,205,985
1996,DL,LAX,CA,JFK,NY,9,12,6,-3,288,2475
2004,AA,MIA,FL,DTW,MI,-2,28,10,8,150,1145
2004,OH (1),ATL,GA,BWI,MD,0,16,1300,-10,227,576
2010,WN,LAS,NV,ORF,VA,11,11,4,-15,239,2155
2008,AA,DFW,TX,OKC,OK,-1,12,8,8,39,175
2002,AA,MCI,MO,STL,MO,104,28,81,195,44,237
2013,9E,IAD,VA,DTW,MI,-8,19,35,1,61,383
2013,UA,FLL,FL,EWR,NJ,13,31,7,-10,132,1065
2007,AA,DFW,TX,DCA,VA,-8,12,72,51,135,1192
2006,AA,ORD,IL,BDL,CT,-1,17,4,-1,98,783
2003,OO,SFO,CA,MRY,CA,0,12,3,0,29,77
1997,CO,BOS,MA,EWR,NJ,-2,12,9,-16,49,200
2004,CO,HNL,HI,EWR,NJ,8,14,11,12,539,4962
2004,NW,MSP,MN,FAR,ND,2,23,3,13,45,223
2009,CO,HNL,HI,EWR,NJ,-6,16,26,36,565,4962
2012,WN,SEA,WA,SJC,CA,-2,12,4,-15,101,697
2005,NW,DTW,MI,ATL,GA,7,28,9,26,102,594
2013,US,DTW,MI,PHX,AZ,-2,18,46,10,208,1671
2006,OO,LNK,NE,ORD,IL,-2,7,40,31,86,466
2008,DL,SFO,CA,JFK,NY,-9,24,70,59,309,2586
2010,HA,HNL,HI,KOA,HI,-1,9,5,0,29,163
1998,DL,SAV,GA,ATL,GA,16,10,6,4,37,215
2003,AA,STL,MO,DFW,TX,-2,10,194,176,73,551
1996,CO,FLL,FL,EWR,NJ,1,23,7,11,150,1065
1998,US,BOS,MA,CLT,NC,6,15,6,-1,98,728
2009,HA,ITO,HI,HNL,HI,-9,7,5,-9,37,216
1996,DL,GEG,WA,SLC,UT,0,9,7,-1,71,546
2005,DL,JFK,NY,SEA,WA,-2,23,5,-10,349,2421
2007,OO,LAX,CA,FAT,CA,-4,15,4,-6,34,209
1997,AA,ORD,IL,DCA,VA,-3,12,7,-3,85,612
2009,MQ,ORD,IL,DTW,MI,72,15,9,70,54,235
2010,CO,HNL,HI,EWR,NJ,0,14,10,7,553,4962
2004,OH (1),SYR,NY,CVG,KY,-1,8,1439,-13,85,527
2012,OO,MEM,TN,OKC,OK,-5,13,4,-17,71,432
2005,HA,OGG,HI,HNL,HI,-6,7,5,-8,20,100
2009,UA,SFO,CA,LAS,NV,14,16,8,11,64,414
2007,MQ,XNA,AR,LGA,NY,45,8,77,101,146,1147
2006,YV,AUS,TX,IAD,VA,-4,10,4,-1,181,1297
1999,DL,DTW,MI,ATL,GA,-1,13,12,-3,91,594
2007,WN,PHL,PA,MDW,IL,6,21,3,9,104,668
2005,XE,IND,IN,CLE,OH,-11,13,8,-10,45,261
2004,OH (1),JFK,NY,CVG,KY,20,8,1439,6,103,589
2014,DL,JFK,NY,SLC,UT,-5,28,13,-14,255,1990
2008,FL,ATL,GA,TPA,FL,30,9,67,85,63,406
2008,WN,BNA,TN,MDW,IL,13,8,7,7,64,395
1999,AA,CMH,OH,DFW,TX,0,7,39,-7,118,927
2001,WN,BWI,MD,BDL,CT,0,8,5,-8,44,283
2008,CO,IAH,TX,EWR,NJ,27,34,75,101,174,1400
2010,EV,IAD,VA,DTW,MI,80,15,10,88,77,383
2003,US,CLT,NC,EWR,NJ,-4,15,7,-11,79,529
2005,FL,ATL,GA,BWI,MD,0,23,126,117,82,576
2007,US,PHX,AZ,BUR,CA,13,43,1,36,67,369
1998,AS,PDX,OR,BUR,CA,0,7,3,0,111,817
2008,OH (1),MHT,NH,CVG,KY,-6,12,171,153,124,741
2002,DL,MSP,MN,ATL,GA,58,19,548,594,113,906
1995,AA,LGA,NY,DFW,TX,19,10,69,29,174,1389
2011,XE,ORD,IL,MDT,PA,-5,27,3,-2,71,594
1995,DL,SLC,UT,JFK,NY,3,36,9,-3,208,1989
1997,UA,MBS,MI,ORD,IL,-2,4,6,-7,40,222
2014,B6,PBI,FL,HPN,NY,262,10,5,258,143,1056
2010,9E,MEM,TN,BNA,TN,-4,24,74,64,35,200
1998,CO,EWR,NJ,BOS,MA,61,31,9,49,35,200
1997,AA,DFW,TX,ONT,CA,-2,29,7,-2,157,1188
2009,WN,HOU,TX,JAN,MS,29,7,4,22,52,359
2012,WN,AUS,TX,DAL,TX,1,7,8,2,41,189
2014,WN,OAK,CA,ONT,CA,-6,9,5,-12,55,362
2009,F9,DEN,CO,IAH,TX,19,10,8,17,118,862
1996,WN,SFO,CA,ABQ,NM,8,12,3,14,121,896
2014,HA,JFK,NY,HNL,HI,-2,17,10,14,644,4983
2004,HP,PHX,AZ,MSP,MN,49,11,80,130,164,1276
2013,AA,DCA,VA,DFW,TX,-6,14,10,-14,153,1192
2009,CO,SAT,TX,IAH,TX,0,45,8,19,36,191
2012,DL,SAV,GA,ATL,GA,-1,16,12,0,45,214
2001,AA,DAL,TX,LGA,NY,53,30,28,95,193,1381
2005,AA,MIA,FL,DFW,TX,33,25,30,58,171,1121
1997,DL,ATL,GA,CAE,SC,-2,11,4,-12,30,191
1996,DL,PDX,OR,LAX,CA,3,18,75,68,109,834
2010,CO,EWR,NJ,HNL,HI,0,16,7,-11,606,4962
2002,MQ,TYR,TX,DFW,TX,-6,14,16,1,35,103
2012,MQ,LAX,CA,SAN,CA,2,36,9,39,42,109
2010,US,PHX,AZ,MCO,FL,-4,10,6,-16,206,1848
2006,WN,BUR,CA,OAK,CA,19,10,2,13,52,325
2016,UA,HNL,HI,EWR,NJ,27,15,12,12,543,4962
2002,WN,BHM,AL,JAX,FL,0,10,3,-2,50,365
2002,CO,IAH,TX,ELP,TX,-5,25,3,-5,82,667
2009,WN,PHL,PA,MCO,FL,0,11,5,-26,123,861
2016,AA,ORD,IL,SMF,CA,53,23,4,60,255,1781
2006,WN,JAX,FL,BNA,TN,-3,6,4,-8,75,484
2012,UA,DEN,CO,ORD,IL,25,11,184,196,117,888
2016,EV,CLE,OH,LGA,NY,-14,14,61,31,73,419
2007,UA,LAX,CA,PDX,OR,-2,16,2,-16,105,834
2009,WN,SAN,CA,SMF,CA,24,11,5,22,72,480
2000,NW,BIL,MT,MSP,MN,2,10,6,13,110,748
2007,B6,RSW,FL,JFK,NY,-3,15,545,529,133,1074
2008,MQ,GRR,MI,ORD,IL,-5,11,11,-11,27,137
2007,CO,RSW,FL,EWR,NJ,26,9,69,74,154,1068
1998,DL,ATL,GA,TPA,FL,18,11,7,13,53,406
2012,OO,DEN,CO,COS,CO,-6,8,3,-17,17,73
2008,B6,TPA,FL,JFK,NY,-7,15,5,-19,125,1005
2015,WN,SAN,CA,OAK,CA,2,9,6,-5,63,446
2013,MQ,MKE,WI,ORD,IL,156,31,73,221,21,67
2015,MQ,CLL,TX,DFW,TX,-14,9,9,-20,36,164
2004,OH (1),DCA,VA,CMH,OH,-1,11,1383,-10,115,322
2014,EV,IAH,TX,CRP,TX,3,11,113,108,39,201
2006,FL,MEM,TN,ATL,GA,0,24,4,0,48,332
2009,US,ABQ,NM,PHX,AZ,-7,22,5,-8,52,328
2003,WN,PVD,RI,BWI,MD,0,8,3,0,69,328
2004,OH (1),CVG,KY,CAK,OH,0,24,1381,5,100,214
2015,UA,DEN,CO,PDX,OR,134,11,5,117,127,991
2005,MQ,DFW,TX,ABI,TX,87,22,2,84,28,158
2007,DL,SLC,UT,SJC,CA,-6,20,7,-12,87,585
2004,OH (1),CVG,KY,TUL,OK,-1,11,1336,-7,195,646
2003,WN,FLL,FL,BWI,MD,0,15,3,-12,120,925
1999,DL,ATL,GA,PHL,PA,46,15,5,36,93,665
2005,OO,MEM,TN,ORD,IL,-1,24,75,57,75,491
2009,MQ,ABI,TX,DFW,TX,-2,9,4,-11,33,158
2013,AA,DFW,TX,PHX,AZ,20,13,4,8,121,868
2013,WN,FLL,FL,STL,MO,3,14,4,-5,144,1056
2006,OO,SAN,CA,LAX,CA,-1,27,2,18,34,109
1995,WN,PHX,AZ,LAS,NV,0,5,4,-5,41,256
1996,TW,MIA,FL,JFK,NY,0,35,34,32,141,1090
2005,AA,OGG,HI,DFW,TX,-15,7,7,-3,418,3711
2004,AA,STL,MO,MCO,FL,-4,12,36,25,114,880
2012,DL,SFO,CA,ATL,GA,-3,23,17,2,248,2139
1995,WN,RNO,NV,LAS,NV,0,8,3,-4,50,345
2000,CO,EWR,NJ,HNL,HI,-2,35,4,-9,594,4962
2016,WN,PHX,AZ,SNA,CA,-6,10,5,-15,56,338
2008,OH (1),SYR,NY,JFK,NY,46,44,72,142,65,209
2004,OO,AUS,TX,ORD,IL,10,16,7,7,134,978
2001,CO,EWR,NJ,HNL,HI,-3,20,3,-7,613,4962
2016,HA,HNL,HI,OGG,HI,-9,12,5,-13,22,100
2009,US,PHL,PA,TPA,FL,-10,25,5,-11,138,920
2003,MQ,ABI,TX,DFW,TX,-15,7,4,-28,31,158
1997,DL,PHX,AZ,ATL,GA,-1,15,7,-9,185,1587
1996,NW,MSP,MN,DLH,MN,-2,11,2,-5,27,144
2006,CO,EWR,NJ,HNL,HI,-2,26,6,-19,586,4962
2012,FL,MDW,IL,MCO,FL,-6,10,28,15,128,990
2014,EV,EWR,NJ,DTW,MI,8,12,9,14,105,488
2016,EV,MLI,IL,ATL,GA,-4,13,5,-13,86,633
2008,WN,SAN,CA,SFO,CA,24,15,5,23,64,447
2013,MQ,ATL,GA,MIA,FL,5,24,4,-3,89,594
2005,OO,ORD,IL,ORF,VA,20,21,3,13,104,717
2004,FL,MIA,FL,ATL,GA,-4,17,5,14,116,595
2014,WN,TPA,FL,MSY,LA,11,8,11,6,76,488
1999,AA,DTW,MI,DFW,TX,96,17,78,154,126,987
2008,FL,PHL,PA,ATL,GA,87,36,40,115,97,665
2005,MQ,BGR,ME,BOS,MA,0,15,8,10,44,201
1997,DL,ATL,GA,JFK,NY,-1,12,229,194,84,760
2016,UA,IAD,VA,HNL,HI,3,12,10,-34,574,4817
1999,AA,LAX,CA,DFW,TX,-4,33,5,21,169,1235
2008,CO,EWR,NJ,TPA,FL,4,27,7,-8,142,998
2004,CO,IAH,TX,BWI,MD,-5,25,6,-3,151,1235
2009,B6,JFK,NY,MCO,FL,17,54,6,32,143,944
2000,NW,MSP,MN,SLC,UT,-5,12,28,1,131,991
2014,EV,IAD,VA,JAX,FL,-5,16,7,10,113,630
1996,CO,IAH,TX,MSP,MN,-2,22,5,14,151,1034
2012,UA,HNL,HI,EWR,NJ,11,23,11,9,544,4963
2006,YV,CLT,NC,MSP,MN,0,18,7,4,140,930
2015,WN,HOU,TX,CRP,TX,-2,7,4,-8,33,187
2000,TW,STL,MO,AUS,TX,201,151,6,344,112,722
2009,YV,COD,WY,DEN,CO,-9,23,33,25,89,391
2004,CO,HNL,HI,EWR,NJ,-5,20,12,0,538,4962
1997,AA,MIA,FL,DFW,TX,-3,19,14,20,186,1121
2008,EV,AVL,NC,ATL,GA,-1,13,5,-8,29,164
2009,US,OMA,NE,PHX,AZ,-1,10,6,-23,137,1037
2006,US,BOS,MA,PHX,AZ,-1,17,28,-9,282,2300
1995,DL,CVG,KY,SLC,UT,5,15,7,17,220,1449
2016,WN,BUF,NY,BWI,MD,-3,6,5,-17,45,281
2002,UA,DEN,CO,OAK,CA,-2,13,6,-2,140,957
2016,AA,SMF,CA,DFW,TX,-5,12,29,2,171,1431
2006,XE,EWR,NJ,CLT,NC,101,55,9,115,79,529
2003,DL,ATL,GA,BHM,AL,-1,25,4,-2,24,134
2007,XE,BHM,AL,IAH,TX,-12,7,18,-19,80,562
2000,US,DEN,CO,PHL,PA,-2,18,69,51,173,1557
2004,US,PHL,PA,DCA,VA,3,8,3,-12,27,119
2008,EV,AGS,GA,ATL,GA,16,21,6,26,31,143
2002,AA,DFW,TX,PIT,PA,-9,17,5,7,159,1068
2004,OH (1),DCA,VA,BOS,MA,-6,18,868,0,649,399
2014,OO,APN,MI,DTW,MI,26,10,164,166,39,198
1997,UA,ORD,IL,PIT,PA,1,12,6,-2,56,412
1997,UA,IND,IN,ORD,IL,-2,8,9,-8,33,177
2004,CO,IND,IN,EWR,NJ,83,36,99,187,96,644
2004,DL,SAN,CA,SLC,UT,-11,22,5,-7,88,626
2005,CO,PHX,AZ,EWR,NJ,8,26,10,67,287,2133
2014,WN,LAS,NV,BNA,TN,11,13,6,4,194,1587
2007,AA,ORD,IL,RNO,NV,-4,25,7,-3,214,1671
2006,OO,FAT,CA,DEN,CO,1,7,11,0,109,844
2016,UA,IAH,TX,EWR,NJ,44,41,6,53,175,1400
2004,CO,EWR,NJ,SJU,PR,21,18,4,2,196,1608
2003,DL,MCO,FL,LGA,NY,1,11,28,9,126,950
2015,EV,CLE,OH,ORD,IL,-1,12,73,65,77,315
2009,F9,SAT,TX,DEN,CO,-8,6,6,-13,117,794
2004,DH,LEX,KY,ORD,IL,116,59,154,309,70,323
2012,OO,COS,CO,ORD,IL,-10,17,5,-15,117,911
1997,TW,DCA,VA,STL,MO,-2,13,36,2,103,719
2004,OH (1),OMA,NE,CVG,KY,0,11,1061,-8,464,614
2006,TZ,OGG,HI,OAK,CA,-10,10,4,-27,258,2349
2004,CO,LGA,NY,CLE,OH,30,20,5,33,86,418
2003,CO,EWR,NJ,HNL,HI,-2,14,5,-41,582,4962
2004,EV,BNA,TN,DFW,TX,-5,8,7,-14,97,631
2003,US,PHL,PA,IND,IN,31,26,8,30,91,587
2004,UA,DFW,TX,ORD,IL,-4,15,4,-16,110,802
2011,EV,BWI,MD,MEM,TN,-6,10,6,-18,115,787
2012,WN,SDF,KY,MDW,IL,-5,9,4,-15,47,271
1995,UA,ORD,IL,SNA,CA,1,16,7,-1,223,1726
2001,UA,MHT,NH,ORD,IL,-10,7,9,-21,123,843
2010,UA,SEA,WA,SFO,CA,0,11,18,-1,106,679
2007,OH (1),RDU,NC,JFK,NY,88,26,80,170,79,426
2005,AA,STL,MO,DFW,TX,4,14,7,-10,78,551
2004,OH (1),ROC,NY,CVG,KY,0,22,1434,-12,79,461
2009,EV,AEX,LA,ATL,GA,-10,10,40,6,77,500
2002,AA,STL,MO,TPA,FL,-3,10,32,12,114,869
1998,UA,ORD,IL,SFO,CA,0,17,3,-19,240,1846
2005,DH,IAD,VA,CLT,NC,12,30,4,14,55,321
2012,AA,DFW,TX,BDL,CT,-2,12,5,12,192,1471
2009,US,PHL,PA,SAN,CA,-4,38,3,28,350,2369
2015,MQ,ABI,TX,DFW,TX,8,7,7,2,35,158
2001,US,CLT,NC,SAV,GA,-3,25,4,3,38,213
2005,WN,MCO,FL,ALB,NY,0,9,2,-14,135,1073
2008,OO,DEN,CO,MKE,WI,-4,27,6,7,125,896
2004,UA,DEN,CO,DFW,TX,-4,11,5,-9,87,641
2005,CO,EWR,NJ,HNL,HI,70,18,4,58,601,4962
2000,DL,ATL,GA,BOS,MA,40,28,13,38,115,946
2004,OH (1),FWA,IN,ATL,GA,28,9,1198,18,328,508
2014,DL,ATL,GA,MOB,AL,9,15,3,-3,48,302
2016,AA,ATL,GA,ORD,IL,-5,19,18,-2,92,606
2015,MQ,ALO,IA,ORD,IL,-4,37,89,82,40,234
1996,NW,EWR,NJ,DTW,MI,-3,19,13,-12,90,487
2014,AA,MCI,MO,DFW,TX,-9,13,18,-1,82,460
2000,US,CLT,NC,HSV,AL,-2,13,6,-5,57,333
2014,US,CLT,NC,BWI,MD,0,25,9,28,70,361
1997,AS,SEA,WA,SMF,CA,8,25,5,23,80,605
1996,DL,ATL,GA,BOS,MA,-1,14,7,-10,125,946
1997,DL,DTW,MI,ATL,GA,241,5,8,250,114,594
2003,EV,DFW,TX,BTR,LA,9,23,2,8,54,383
2007,WN,RNO,NV,SJC,CA,-4,5,3,-18,38,189
2013,AA,ORD,IL,DFW,TX,20,26,7,12,109,802
2004,OH (1),EVV,IN,ATL,GA,0,10,1100,5,417,350
2014,WN,PHX,AZ,IND,IN,29,10,4,8,165,1488
2010,WN,AMA,TX,DAL,TX,0,7,3,-7,48,324
2005,DL,DFW,TX,ATL,GA,-2,18,11,1,99,732
2003,US,PHX,AZ,PHL,PA,-3,13,9,6,251,2075
1996,NW,DFW,TX,DTW,MI,-4,9,3,-7,130,987
2005,UA,ORD,IL,IAD,VA,-1,19,34,9,80,589
2000,DL,JFK,NY,SLC,UT,64,35,7,42,246,1989
2012,WN,MDW,IL,BOS,MA,-5,16,5,-16,108,861
2014,WN,TPA,FL,FLL,FL,-4,13,3,-12,36,197
1995,AA,LAX,CA,ORD,IL,33,16,69,134,244,1745
2001,WN,HRL,TX,AUS,TX,0,4,4,-8,44,273
2013,EV,SYR,NY,EWR,NJ,-1,14,9,-2,50,195
2004,NW,MSP,MN,DTW,MI,1,18,8,-4,75,528
1999,AA,BOS,MA,ORD,IL,-6,23,4,-10,139,867
2009,NW,LGA,NY,TPA,FL,-1,20,5,-9,132,1011
2015,EV,RIC,VA,LGA,NY,-9,11,6,-24,49,292
2008,XE,EWR,NJ,STL,MO,13,15,5,-3,136,872
1996,UA,LAX,CA,LAS,NV,187,24,4,187,41,236
2007,XE,ONT,CA,OMA,NE,0,15,3,-3,164,1286
2012,DL,BOS,MA,SLC,UT,-2,61,7,30,303,2105
1996,UA,ORD,IL,HPN,NY,5,24,3,6,100,738
2008,WN,LAS,NV,HOU,TX,-3,29,6,3,146,1235
2014,OO,BFL,CA,SFO,CA,-2,12,3,-10,61,238
1995,UA,ORD,IL,BDL,CT,22,19,5,12,91,783
1995,DL,CVG,KY,ATL,GA,10,12,5,21,78,373
2001,US,PIT,PA,TOL,OH,-8,11,3,-12,41,201
2003,UA,LAX,CA,OGG,HI,-8,20,4,-3,307,2486
2004,OH (1),IAD,VA,CVG,KY,2,19,1439,-13,64,388
1999,UA,SFO,CA,LAX,CA,32,21,4,35,53,337
1996,WN,BNA,TN,MDW,IL,0,7,3,0,60,395
2009,B6,MCO,FL,SYR,NY,-6,11,3,-11,139,1053
2016,B6,BOS,MA,EWR,NJ,-7,13,4,-34,46,200
2016,B6,JFK,NY,ORD,IL,4,21,11,-5,128,740
2004,OH (1),CVG,KY,RDU,NC,-1,7,870,-25,619,390
2000,UA,PIT,PA,ORD,IL,25,10,7,15,62,412
2010,AA,ATL,GA,DFW,TX,-9,12,30,16,128,732
2009,AA,ORD,IL,FLL,FL,-2,12,4,-6,160,1182
2016,UA,RDU,NC,SFO,CA,-4,9,31,12,321,2400
2011,CO,DFW,TX,IAH,TX,-10,17,12,-1,44,224
2003,MQ,DFW,TX,FSM,AR,-4,10,3,-3,66,228
2000,UA,SFO,CA,ORD,IL,11,14,4,4,216,1846
2004,OH (1),IAD,VA,CVG,KY,60,17,1437,65,88,388
2004,OH (1),ORF,VA,CVG,KY,115,10,186,105,-106,485
1998,CO,EWR,NJ,IAH,TX,-1,41,4,0,177,1400
2009,WN,SLC,UT,LAX,CA,-3,11,11,-12,84,590
2006,B6,OAK,CA,JFK,NY,4,9,189,197,320,2576
2007,DL,JFK,NY,SLC,UT,1,34,7,-13,282,1989
2015,WN,MDW,IL,CLE,OH,16,10,4,5,45,307
2009,US,CLT,NC,MCO,FL,-6,13,5,-18,62,468
2013,OO,RNO,NV,SFO,CA,-1,16,4,-9,46,192
2015,OO,PHX,AZ,GJT,CO,-9,24,5,-11,66,438
2007,EV,TRI,TN,ATL,GA,-4,24,9,13,69,227
2004,NW,DTW,MI,PWM,ME,-7,19,2,-2,89,668
2016,UA,HNL,HI,EWR,NJ,19,20,15,-8,524,4962
2005,DH,CAE,SC,IAD,VA,-5,11,80,72,65,401
1998,TW,STL,MO,IAD,VA,0,19,5,-11,86,696
1997,DL,BOS,MA,LGA,NY,0,16,7,3,44,185
2000,DL,DFW,TX,SNA,CA,-5,54,15,25,151,1205
2007,UA,ATL,GA,ORD,IL,-7,31,7,-2,102,606
2013,UA,BOS,MA,EWR,NJ,-3,16,15,-26,46,200
2005,CO,HNL,HI,EWR,NJ,-13,19,10,-3,541,4962
2006,CO,HNL,HI,EWR,NJ,-6,22,9,3,548,4962
2004,OH (1),CVG,KY,SRQ,FL,20,9,1435,-18,96,812
2016,OO,SFO,CA,ONT,CA,81,35,6,97,62,363
2014,EV,TUL,OK,EWR,NJ,-5,15,4,-26,139,1215
2008,WN,BUR,CA,SMF,CA,5,8,4,3,61,358
1999,NW,LAX,CA,DTW,MI,199,28,457,635,221,1979
1996,CO,IAH,TX,DCA,VA,3,20,6,17,161,1208
1996,AA,DFW,TX,PDX,OR,-1,26,7,24,251,1616
2006,WN,BNA,TN,ONT,CA,13,15,5,8,220,1750
2014,AA,MIA,FL,LAX,CA,-7,11,12,-28,290,2342
2008,NW,MEM,TN,ATL,GA,9,23,176,175,52,332
2016,UA,EWR,NJ,IAH,TX,-8,23,5,-37,183,1400
2007,YV,CHS,SC,CLT,NC,0,13,13,1,39,168
2011,WN,SDF,KY,BWI,MD,-5,8,3,-10,74,495
2011,MQ,BNA,TN,ORD,IL,53,17,50,90,65,409
2014,DL,MSY,LA,DTW,MI,-11,24,8,-5,124,926
2014,UA,EWR,NJ,HNL,HI,-10,35,5,-14,598,4962
2001,AA,SNA,CA,SJC,CA,5,20,4,2,55,342
2011,MQ,DFW,TX,AMA,TX,1,12,2,-3,52,313
2016,EV,IAH,TX,GRK,TX,-4,10,5,-14,34,166
2002,DL,JAX,FL,ATL,GA,7,13,9,-1,45,270
1998,WN,MSY,LA,HOU,TX,5,6,2,8,55,303
1999,CO,HNL,HI,EWR,NJ,-2,17,10,-10,515,4962
1996,UA,LAX,CA,PHX,AZ,44,13,3,35,53,370
2003,DH,DSM,IA,ORD,IL,-2,9,33,6,46,299
1998,WN,IND,IN,TPA,FL,12,4,3,10,116,838
2004,CO,EWR,NJ,BOS,MA,-1,14,6,-16,40,200
2012,YV,ABQ,NM,PHX,AZ,-5,12,53,22,56,328
1998,DL,SLC,UT,SAT,TX,1,17,4,8,136,1086
2013,MQ,LGA,NY,CLT,NC,-2,34,4,-7,77,544
2005,OO,ORD,IL,MBS,MI,0,26,4,5,39,222
2012,US,PHX,AZ,IAH,TX,-7,12,5,-22,123,1009
2001,MQ,CLE,OH,LGA,NY,106,17,95,244,121,418
2010,HA,LIH,HI,HNL,HI,6,7,6,9,22,102
2010,US,PHL,PA,PVD,RI,-9,21,2,-16,45,238
1998,WN,PHX,AZ,ABQ,NM,40,11,3,50,56,328
2009,NW,DTW,MI,IAH,TX,-5,15,5,-15,180,1076
2002,NW,DLH,MN,MSP,MN,-8,6,74,59,36,144
2013,UA,IAH,TX,SJC,CA,-4,20,4,-17,221,1608
2013,HA,OGG,HI,HNL,HI,-4,6,5,-5,22,101
1995,AA,ATL,GA,DFW,TX,-2,13,9,-7,103,732
2003,OO,DEN,CO,AUS,TX,0,15,3,0,101,775
2005,CO,HNL,HI,EWR,NJ,-2,17,7,10,548,4962
2007,EV,FNT,MI,ATL,GA,5,9,9,3,102,644
2008,MQ,DBQ,IA,ORD,IL,-5,9,8,-7,31,147
2016,OO,SLC,UT,JAC,WY,7,29,93,88,37,205
2001,US,GSO,NC,PIT,PA,-3,10,5,-10,53,304
1998,CO,IAH,TX,SAT,TX,-5,19,3,-4,36,191
2009,NW,MSP,MN,DFW,TX,-7,19,6,-18,114,852
2015,OO,MSP,MN,RAP,SD,23,40,45,61,72,489
2009,WN,RDU,NC,PHL,PA,-4,10,4,-13,57,336
1996,WN,LAS,NV,BUR,CA,0,10,2,-1,42,223
2013,UA,HNL,HI,EWR,NJ,10,30,9,-5,533,4963
2005,HP,LAS,NV,TPA,FL,72,25,4,75,227,1984
1999,WN,LAX,CA,OAK,CA,0,5,3,-5,57,337
2013,UA,EWR,NJ,HNL,HI,2,28,5,8,615,4963
2013,OO,SFO,CA,MRY,CA,-5,25,3,-3,22,77
1997,WN,PDX,OR,OAK,CA,10,6,2,5,82,543
2006,AS,ANC,AK,SEA,WA,-1,12,5,12,192,1449
2016,NK,OAK,CA,LAX,CA,128,10,5,118,50,337
1996,NW,LAN,MI,DTW,MI,-2,5,7,-10,20,74
1998,UA,IAH,TX,DEN,CO,19,29,5,29,113,862
2004,OH (1),MLI,IL,CVG,KY,228,17,1394,242,120,350
2001,US,BWI,MD,TPA,FL,-1,11,2,-11,115,842
2008,CO,JAX,FL,EWR,NJ,-4,18,8,-22,108,821
2003,EV,PHL,PA,ATL,GA,0,35,5,14,105,665
2000,CO,HNL,HI,EWR,NJ,-2,21,6,-10,520,4962
1995,NW,MSP,MN,DCA,VA,-3,9,4,-13,112,931
2006,OH (1),DCA,VA,JFK,NY,0,44,44,40,42,213
2002,CO,HNL,HI,EWR,NJ,15,19,6,1,521,4962
2016,NK,LAS,NV,SEA,WA,-10,15,11,-6,128,867
1997,DL,ATL,GA,PNS,FL,-2,13,5,-4,42,272
1998,WN,PHX,AZ,TUL,OK,0,13,2,-4,121,935
2013,WN,DAL,TX,BHM,AL,26,12,82,104,79,587
1997,AA,DFW,TX,LGB,CA,4,10,7,-6,170,1220
2010,B6,JAX,FL,JFK,NY,37,19,8,35,111,829
1995,AA,MSY,LA,ORD,IL,-1,4,8,-16,110,837
2015,NK,OAK,CA,LAS,NV,12,14,5,9,61,407
2016,OO,ORD,IL,DSM,IA,-1,29,6,13,63,299
2016,OO,FAT,CA,DEN,CO,-4,9,33,0,102,844
1998,TW,STL,MO,DTW,MI,-4,13,11,-10,62,440
2005,CO,HNL,HI,EWR,NJ,-4,19,9,-15,531,4962
1999,WN,HOU,TX,AUS,TX,4,6,2,-2,26,148
2007,MQ,RDU,NC,LGA,NY,85,10,103,171,73,431
2001,CO,EWR,NJ,HNL,HI,-1,19,5,-45,587,4962
2009,XE,IAH,TX,GRR,MI,-5,27,4,2,125,1042
2011,WN,JAN,MS,BWI,MD,0,6,6,-2,126,888
1998,DL,CVG,KY,PIT,PA,-5,11,9,-8,39,256
2004,CO,EWR,NJ,LAS,NV,95,35,6,112,309,2227
2009,DL,ATL,GA,PBI,FL,-4,34,5,5,80,545
2014,US,BOS,MA,PHL,PA,2,16,3,-12,60,280
2005,DL,TYS,TN,ATL,GA,-7,10,26,-1,29,152
2005,US,SRQ,FL,CLT,NC,-13,8,9,-22,76,547
2013,UA,HNL,HI,IAD,VA,6,14,7,-24,519,4817
2014,AA,DFW,TX,AUS,TX,37,11,3,27,31,190
1998,WN,SMF,CA,BUR,CA,0,5,2,-2,56,358
2003,UA,PDX,OR,ORD,IL,-5,9,4,-26,193,1739
1997,CO,DFW,TX,IAH,TX,-2,14,15,6,41,224
2012,US,DCA,VA,BOS,MA,-6,26,5,-5,60,399
2002,MQ,ORD,IL,MKE,WI,153,16,5,148,20,67
2011,YV,BNA,TN,CLT,NC,53,9,33,78,62,328
1999,AA,DFW,TX,LAX,CA,-1,14,4,-40,161,1235
2004,OH (1),ATL,GA,ROC,NY,0,16,1332,-23,207,749
1999,NW,MEM,TN,DFW,TX,-1,8,6,-13,66,432
2004,US,RDU,NC,PIT,PA,44,11,80,117,58,328
2006,NW,PHX,AZ,MSP,MN,-11,26,7,-10,153,1276
2006,AS,SIT,AK,JNU,AK,399,7,6,399,24,95
2007,AA,DFW,TX,PDX,OR,128,16,4,109,211,1616
2004,UA,LAS,NV,ORD,IL,-4,10,4,-2,193,1515
2013,HA,ITO,HI,HNL,HI,-3,9,12,5,38,216
2001,US,MEM,TN,CLT,NC,-4,12,4,2,78,512
1995,AA,MIA,FL,DFW,TX,4,31,33,81,188,1121
1995,DL,SLC,UT,SAN,CA,4,8,2,-18,82,626
1998,UA,ORD,IL,MIA,FL,6,32,4,17,145,1197
2000,DL,ATL,GA,GSP,SC,15,18,12,14,29,153
1998,DL,SDF,KY,ATL,GA,-6,8,6,-18,54,321
2011,CO,ONT,CA,IAH,TX,-13,10,10,-6,155,1334
2006,US,LAS,NV,ELP,TX,2,17,3,-2,82,584
2002,UA,IAD,VA,ORD,IL,-1,14,8,-2,93,589
1997,US,CLT,NC,ATL,GA,-1,7,5,-13,39,227
2016,UA,EWR,NJ,HNL,HI,14,26,11,-17,608,4962
2005,MQ,LGA,NY,BOS,MA,-1,27,3,-5,36,185
2009,XE,GSO,NC,EWR,NJ,32,27,25,37,63,446
2011,WN,ABQ,NM,MDW,IL,-1,10,5,-4,142,1121
2006,CO,DEN,CO,IAH,TX,-4,13,34,10,110,862
2012,FL,SJU,PR,MCO,FL,57,11,8,66,175,1189
2016,OO,ORD,IL,MKE,WI,3,15,5,-5,20,67
2016,UA,EWR,NJ,HNL,HI,6,28,4,7,641,4962
2012,UA,SFO,CA,ORD,IL,-5,24,163,150,217,1846
2001,DL,SLC,UT,SMF,CA,-4,18,6,-10,73,532
2008,WN,DAL,TX,AMA,TX,2,7,5,-4,52,324
2001,DL,ATL,GA,IND,IN,13,14,9,6,60,432
2002,AA,MCO,FL,MIA,FL,1,12,9,3,43,193
2010,OH (1),IND,IN,BOS,MA,-5,8,13,8,134,817
2000,UA,DEN,CO,ABQ,NM,7,17,9,13,53,349
1997,AA,SJU,PR,ORD,IL,-3,13,4,-19,271,2072
2003,CO,EWR,NJ,HNL,HI,-6,18,13,-14,601,4962
2010,DL,LAX,CA,JFK,NY,8,16,84,42,294,2475
1995,US,PIT,PA,ORF,VA,47,7,3,42,58,330
2010,UA,SFO,CA,JFK,NY,-11,13,7,-16,312,2586
2000,NW,MCI,MO,MSP,MN,-4,14,35,24,62,393
2012,OO,SGU,UT,SLC,UT,3,8,5,-12,44,272
2006,DL,ATL,GA,BNA,TN,-1,18,5,0,40,214
2004,OH (1),CVG,KY,STL,MO,82,33,4,94,62,307
2016,UA,IAD,VA,HNL,HI,-1,11,8,5,633,4817
2004,AA,MIA,FL,ORD,IL,198,36,154,335,149,1197
2002,NW,GSO,NC,DTW,MI,-12,12,12,-19,80,460
2006,F9,SLC,UT,DEN,CO,-9,12,7,-15,60,390
2012,DL,ATL,GA,CAK,OH,-3,24,7,4,84,528
2000,DL,LAX,CA,OGG,HI,13,2,6,-10,305,2486
2006,XE,CLE,OH,SDF,KY,-9,15,4,-14,54,304
2007,CO,PHL,PA,IAH,TX,-4,13,5,19,243,1324
2012,US,CLT,NC,MCO,FL,-1,10,5,-13,71,468
2007,WN,HOU,TX,AUS,TX,0,7,4,-5,29,148
1997,UA,SFO,CA,ORD,IL,31,18,5,11,197,1846
2004,NW,MSP,MN,BOI,ID,15,24,5,7,146,1142
2009,OO,PDX,OR,SEA,WA,54,16,5,65,38,129
2009,CO,EWR,NJ,HNL,HI,56,20,9,62,617,4962
2004,TZ,MDW,IL,SJU,PR,2,20,30,160,375,2057
2009,OH (1),DAY,OH,ATL,GA,15,13,10,22,82,432
1999,AA,SJC,CA,ORD,IL,0,13,8,-24,211,1830
2004,UA,SFO,CA,ORD,IL,-10,18,7,-2,223,1846
1998,AA,DFW,TX,MFE,TX,-1,19,5,2,82,468
2008,WN,PHX,AZ,ELP,TX,-3,8,3,-11,51,347
2010,WN,LAS,NV,TUL,OK,18,12,2,0,128,1076
2008,UA,LAX,CA,LAS,NV,10,16,12,5,41,236
2010,EV,ATL,GA,PFN,FL,47,13,2,31,40,247
1997,UA,BTV,VT,ORD,IL,2,7,15,7,107,763
2005,MQ,JFK,NY,BOS,MA,-5,14,4,-8,38,187
2011,FL,DTW,MI,MCO,FL,24,20,10,42,134,957
